{
    "pca_shape": [
        50000,
        3
    ],
    "explained_variance": [
        0.2562614214031113,
        0.22085575865193705,
        0.14388286257275615
    ],
    "cumulative_variance": [
        0.2562614214031113,
        0.47711718005504833,
        0.6210000426278045
    ],
    "feature_importance": {
        "Longitude": 0.25980929482680065,
        "Month": 0.25619621304311385,
        "Latitude": 0.2400963107484296,
        "DayOfWeek": 0.23928599340188514,
        "IsWeekend": 0.2386976225078977,
        "CrimeSeverity": 0.23138674754442412,
        "Hour": 0.1634622591385819
    }
}